Snaking,Path Information,Column Depth,NLLL,Empty Percentage,Interesting Percentage,Average Leniency,Average linearity
False,False,False,0.058360326011312455,0.861265625,0.046968750000000004,-3.96,0.06619555393597851
True,False,False,0.0578853937337305,0.88456640625,0.04330859375,-4.79,0.2863488258530928
False,True,False,0.05808811405289838,0.8806093749999999,0.0404921875,-7.84,0.0797832125850311
